G2G Code ID,Code
066ece0a-ee5a-4ec7-ac62-23cee3cea2ba,'h7jgy-kh23t-pmvyp-fmd6v-pq7fz
0f3960dc-33e7-4bf6-8218-144aecf2123a,'ddrhp-xrh3j-g4wrp-v379m-pj23z
193dfb30-1b86-49db-93cf-6286a5cb2cd6,'PHQFM-W9HTH-C3CMM-VDKHM-W2YKZ
77566031-00ad-4ea3-8bc0-0fed2090f499,'hd2dc-7mhtf-f2j2v-9gdct-p73yz
7e9f077d-af1f-4105-b8f1-6433dae3788a,'hcxv9-yycwg-xwxj3-wdqdk-9tj9z
9194a890-6200-402f-aa34-eb8af1e70f94,'hcvkw-3j9kt-hdqkx-9xxfm-y3wmz
98694d50-89b5-4580-b9b8-54e5693a6bc9,'ddjm9-c636m-xvdmt-g3g3d-pq4gz
a7cd3e7e-adbb-46b0-a225-180006614a75,'ddjm6-vxqt6-cr6y6-hth2j-g7w9z
a862f2a4-2450-46ed-a904-7b87b568b035,'ddxgd-xhhvt-rg7wr-3f24x-kthwz
b2986ab5-2141-4859-b757-1fca469aed34,'ddxym-cqhc2-yhjwt-7v76f-prr9z
cf9c3148-9d9b-4045-ba55-ce8d7a720819,'ddydr-69d9g-vmrvr-6yq9f-7m3dz
ea421a22-d319-436f-9cc8-e43ae047babc,'df3mf-2qkwf-c9vd9-r69mf-2hfkz
ee3cc581-cf60-40f5-b727-2c956b8c71a5,'hcx6x-cptv4-tdmry-hg3pj-tph6z
f3327037-f23a-42bf-a0e5-dc6724a08b5a,'hcwjr-rcrct-fc3gg-2tf4f-v2xkz
f8eb364b-f18f-494f-849c-7a303adfd828,'hcyfq-24ppr-y6vgr-34m46-6c3xz